0,1,2,3,4,5,6,7,8,9,10,11,12,13,14,15,16,17,18,19,20,21,22,23,24,25,26,27,28,29,30,31,32,33,34,35,
错那,那曲,曲阜,阜新,新泰,泰兴,兴宁,宁安,安康,康定,定西,西昌,昌吉,吉安,安陆,陆丰,丰镇,镇江,江山,山南,南安,安宁,宁德,德兴,兴义,义乌,乌海,海东,东台,台北,北海,海安,安庆,庆阳,阳泉,泉州,
错那,那曲,曲阜,阜新,新泰,泰兴,兴宁,宁安,安康,康定,定西,西安,安宁,宁德,德兴,兴义,义乌,乌海,海东,东台,台北,北海,海安,安陆,陆丰,丰镇,镇江,江山,山南,南昌,昌吉,吉安,安庆,庆阳,阳江,江门,
错那,那曲,曲阜,阜新,新泰,泰兴,兴宁,宁德,德兴,兴义,义乌,乌海,海东,东台,台北,北海,海安,安宁,宁安,安康,康定,定西,西昌,昌吉,吉安,安陆,陆丰,丰镇,镇江,江山,山南,南通,通辽,辽阳,阳江,江阴,
错那,那曲,曲阜,阜新,新泰,泰兴,兴宁,宁德,德兴,兴义,义乌,乌海,海东,东台,台北,北海,海安,安宁,宁安,安庆,庆阳,阳江,江山,山南,南昌,昌吉,吉安,安康,康定,定西,西安,安陆,陆丰,丰镇,镇江,江油,
错那,那曲,曲阜,阜新,新泰,泰兴,兴宁,宁德,德兴,兴义,义乌,乌海,海东,东台,台北,北海,海安,安宁,宁安,安康,康定,定西,西安,安庆,庆阳,阳江,江山,山南,南昌,昌吉,吉安,安陆,陆丰,丰镇,镇江,江阴,
错那,那曲,曲阜,阜新,新泰,泰兴,兴宁,宁安,安宁,宁德,德兴,兴义,义乌,乌海,海东,东台,台北,北海,海安,安康,康定,定西,西昌,昌吉,吉安,安陆,陆丰,丰镇,镇江,江山,山南,南通,通辽,辽阳,阳泉,泉州,
错那,那曲,曲阜,阜新,新泰,泰兴,兴宁,宁德,德兴,兴义,义乌,乌海,海东,东台,台北,北海,海安,安康,康定,定西,西昌,昌吉,吉安,安庆,庆阳,阳江,江山,山南,南安,安宁,宁安,安陆,陆丰,丰镇,镇江,江门,
错那,那曲,曲阜,阜新,新泰,泰兴,兴宁,宁德,德兴,兴义,义乌,乌海,海东,东台,台北,北海,海安,安康,康定,定西,西昌,昌吉,吉安,安宁,宁安,安陆,陆丰,丰镇,镇江,江山,山南,南通,通辽,辽阳,阳江,江门,
错那,那曲,曲阜,阜新,新泰,泰兴,兴宁,宁德,德兴,兴义,义乌,乌海,海东,东台,台北,北海,海安,安庆,庆阳,阳江,江山,山南,南安,安康,康定,定西,西昌,昌吉,吉安,安宁,宁安,安陆,陆丰,丰镇,镇江,江油,
错那,那曲,曲阜,阜新,新泰,泰兴,兴宁,宁德,德兴,兴义,义乌,乌海,海东,东台,台北,北海,海安,安宁,宁安,安陆,陆丰,丰镇,镇江,江山,山南,南安,安康,康定,定西,西昌,昌吉,吉安,安庆,庆阳,阳江,江阴,
错那,那曲,曲阜,阜新,新泰,泰兴,兴宁,宁德,德兴,兴义,义乌,乌海,海东,东台,台北,北海,海安,安康,康定,定西,西安,安宁,宁安,安陆,陆丰,丰镇,镇江,江山,山南,南昌,昌吉,吉安,安庆,庆阳,阳泉,泉州,
错那,那曲,曲阜,阜新,新泰,泰兴,兴宁,宁安,安宁,宁德,德兴,兴义,义乌,乌海,海东,东台,台北,北海,海安,安康,康定,定西,西昌,昌吉,吉安,安陆,陆丰,丰镇,镇江,江山,山南,南通,通辽,辽阳,阳江,江油,
